{
	"partitions" : [
		{
			"name" : "Top",
			"pins" : [
				{
					"name" : "DS_EN1",
					"strict" : false
				},
				{
					"name" : "DS_EN2",
					"strict" : false
				},
				{
					"name" : "DS_EN3",
					"strict" : false
				},
				{
					"name" : "DS_EN4",
					"strict" : false
				},
				{
					"name" : "DS_A",
					"strict" : false
				},
				{
					"name" : "DS_B",
					"strict" : false
				},
				{
					"name" : "DS_C",
					"strict" : false
				},
				{
					"name" : "DS_D",
					"strict" : false
				},
				{
					"name" : "DS_E",
					"strict" : false
				},
				{
					"name" : "DS_F",
					"strict" : false
				},
				{
					"name" : "clock",
					"strict" : false
				},
				{
					"name" : "Reset",
					"strict" : false
				}
			]
		}
	]
}